[
  {
    "name": "дом",
    "description": "отличная мебель для домашнего интерьера"
  },
  {
    "name": "офис",
    "description": "стильная и надёжная офисная мебель нового поколения"
  },
  {
    "name": "модерн",
    "description": "Мебель в стиле МОДЕРН подойдёт для любого интерьера"
  },
  {
    "name": "классика",
    "description": "классический стиль актуален в любое время"
  }
]